scan_domain;base_url
1;http://ttc-tueschnitz.de
2;http://hawk-systems.de
3;http://nancyglor.de
4;http://thechaosteam.de
5;http://tlhp.de
6;http://space-roller.de
7;http://gewinnspielportal.net
8;http://webspace24.info
9;http://asv-pinnwipp.de
10;http://zarskey.de
11;http://eagles-neumarkt.de
12;http://fahrschule-portitz.de
13;http://boree.de
14;http://Labrador-of-Claymore-Roses.de
15;http://hoffnung-ev.de
16;http://intentionally-left-blank.de
17;http://ich-glaub-das.net
18;http://bemmkoffer.de
19;http://istarion-clan.de
20;http://ddr-mobile-ifa.de
21;http://wolfpack-paintball.com
22;http://wir-mit-pws.de
23;http://webimago.de
24;http://tusem-tt.de
25;http://bodyworks.cologne
26;http://yamunabodyrolling.de
27;http://thebodyasarchive.com
28;http://lucas-news.com
29;http://weltecho.de
30;http://weltecho.com
31;http://aachener-montessori-forum.de
32;http://flemisch.net
33;http://roterbackstein.de
34;http://foerderpool.com
35;http://pikoma.de
36;http://cnc-fanpage.de
37;http://janich-design.de
38;http://gewindeformen.com
39;http://thread-tapping.com
40;http://gewindeschneidmaschine.eu
41;http://gewindemaschine.de
42;http://gewindeschneiden.com
43;http://taurox.cn
44;http://taurox.in
45;http://lizkay.com
46;http://lemon-ex.com
47;http://webler.family
48;http://the-rogues.com
49;http://eipper-naturheilpraxis.de
50;http://hc-sindelfingen.de
51;http://curdts-schwedenhaus.de
52;http://bayern-immobilie.de
53;http://hgwimmobilien.de
54;http://hgwimmobilien.org
55;http://metallbau-truhn.de
56;http://witt-koeln.de
57;http://muckisnspirit.com
58;http://sdlfuerstensuite.de
59;http://mitheriel.com